{
    "match_rate": 0.39619721423833737,
    "rms_dist": 0.035605573708300566,
    "comp_valid": 0.832,
    "struct_valid": 0.9996,
    "valid": 0.8318,
    "comp_div": 15.403017467634738,
    "struct_div": 0.728116801761177,
    "wdist_density": 0.23121703973402136,
    "wdist_num_elems": 0.5549365465399072,
    "wdist_prop": 0.16306830369374567,
    "cov_recall": 0.5479770064116737,
    "cov_precision": 0.3671,
    "amsd_recall": 0.14322050482026752,
    "amsd_precision": 0.1880423915775498,
    "amcd_recall": 3.204520320225012,
    "amcd_precision": 3.5376688932214186
}